Car_Name,Year,Selling_Price,Present_Price,Kms_Driven,Fuel_Type,Seller_Type,Transmission,Owner
ritz,2014,3.35,5.59,27000,Petrol,Dealer,Manual,0
sx4,2013,4.75,9.54,43000,Diesel,Dealer,Manual,0
ciaz,2017,7.25,9.85,6900,Petrol,Dealer,Manual,0
wagon r,2011,2.85,4.15,5200,Petrol,Dealer,Manual,0
swift,2014,4.6,6.87,42450,Diesel,Dealer,Manual,0
vitara brezza,2018,9.25,9.83,2071,Diesel,Dealer,Manual,0
ciaz,2015,6.75,8.12,18796,Petrol,Dealer,Manual,0
s cross,2015,6.5,8.61,33429,Diesel,Dealer,Manual,0
ciaz,2016,8.75,8.89,20273,Diesel,Dealer,Manual,0
ciaz,2015,7.45,8.92,42367,Diesel,Dealer,Manual,0
alto 800,2017,2.85,3.6,2135,Petrol,Dealer,Manual,0
ciaz,2015,6.85,10.38,51000,Diesel,Dealer,Manual,0
ciaz,2015,7.5,9.94,15000,Petrol,Dealer,Automatic,0
ertiga,2015,6.1,7.71,26000,Petrol,Dealer,Manual,0
dzire,2009,2.25,7.21,77427,Petrol,Dealer,Manual,0
ertiga,2016,7.75,10.79,43000,Diesel,Dealer,Manual,0
ertiga,2015,7.25,10.79,41678,Diesel,Dealer,Manual,0
ertiga,2016,7.75,10.79,43000,Diesel,Dealer,Manual,0
wagon r,2015,3.25,5.09,35500,CNG,Dealer,Manual,0
sx4,2010,2.65,7.98,41442,Petrol,Dealer,Manual,0
alto k10,2016,2.85,3.95,25000,Petrol,Dealer,Manual,0
ignis,2017,4.9,5.71,2400,Petrol,Dealer,Manual,0
sx4,2011,4.4,8.01,50000,Petrol,Dealer,Automatic,0
alto k10,2014,2.5,3.46,45280,Petrol,Dealer,Manual,0
wagon r,2013,2.9,4.41,56879,Petrol,Dealer,Manual,0
swift,2011,3.0,4.99,20000,Petrol,Dealer,Manual,0
swift,2013,4.15,5.87,55138,Petrol,Dealer,Manual,0
swift,2017,6.0,6.49,16200,Petrol,Individual,Manual,0
alto k10,2010,1.95,3.95,44542,Petrol,Dealer,Manual,0
ciaz,2015,7.45,10.38,45000,Diesel,Dealer,Manual,0
ritz,2012,3.1,5.98,51439,Diesel,Dealer,Manual,0
ritz,2011,2.35,4.89,54200,Petrol,Dealer,Manual,0
swift,2014,4.95,7.49,39000,Diesel,Dealer,Manual,0
ertiga,2014,6.0,9.95,45000,Diesel,Dealer,Manual,0
dzire,2014,5.5,8.06,45000,Diesel,Dealer,Manual,0
sx4,2011,2.95,7.74,49998,CNG,Dealer,Manual,0
dzire,2015,4.65,7.2,48767,Petrol,Dealer,Manual,0
800,2003,0.35,2.28,127000,Petrol,Individual,Manual,0
alto k10,2016,3.0,3.76,10079,Petrol,Dealer,Manual,0
sx4,2003,2.25,7.98,62000,Petrol,Dealer,Manual,0
baleno,2016,5.85,7.87,24524,Petrol,Dealer,Automatic,0
alto k10,2014,2.55,3.98,46706,Petrol,Dealer,Manual,0
sx4,2008,1.95,7.15,58000,Petrol,Dealer,Manual,0
dzire,2014,5.5,8.06,45780,Diesel,Dealer,Manual,0
omni,2012,1.25,2.69,50000,Petrol,Dealer,Manual,0
ciaz,2014,7.5,12.04,15000,Petrol,Dealer,Automatic,0
ritz,2013,2.65,4.89,64532,Petrol,Dealer,Manual,0
wagon r,2006,1.05,4.15,65000,Petrol,Dealer,Manual,0
ertiga,2015,5.8,7.71,25870,Petrol,Dealer,Manual,0
ciaz,2017,7.75,9.29,37000,Petrol,Dealer,Automatic,0
fortuner,2012,14.9,30.61,104707,Diesel,Dealer,Automatic,0
fortuner,2015,23.0,30.61,40000,Diesel,Dealer,Automatic,0
innova,2017,18.0,19.77,15000,Diesel,Dealer,Automatic,0
fortuner,2013,16.0,30.61,135000,Diesel,Individual,Automatic,0
innova,2005,2.75,10.21,90000,Petrol,Individual,Manual,0
corolla altis,2009,3.6,15.04,70000,Petrol,Dealer,Automatic,0
etios cross,2015,4.5,7.27,40534,Petrol,Dealer,Manual,0
corolla altis,2010,4.75,18.54,50000,Petrol,Dealer,Manual,0
etios g,2014,4.1,6.8,39485,Petrol,Dealer,Manual,1
fortuner,2014,19.99,35.96,41000,Diesel,Dealer,Automatic,0
corolla altis,2013,6.95,18.61,40001,Petrol,Dealer,Manual,0
etios cross,2015,4.5,7.7,40588,Petrol,Dealer,Manual,0
fortuner,2014,18.75,35.96,78000,Diesel,Dealer,Automatic,0
fortuner,2015,23.5,35.96,47000,Diesel,Dealer,Automatic,0
fortuner,2017,33.0,36.23,6000,Diesel,Dealer,Automatic,0
etios liva,2014,4.75,6.95,45000,Diesel,Dealer,Manual,0
innova,2017,19.75,23.15,11000,Petrol,Dealer,Automatic,0
fortuner,2010,9.25,20.45,59000,Diesel,Dealer,Manual,0
corolla altis,2011,4.35,13.74,88000,Petrol,Dealer,Manual,0
corolla altis,2016,14.25,20.91,12000,Petrol,Dealer,Manual,0
etios liva,2014,3.95,6.76,71000,Diesel,Dealer,Manual,0
corolla altis,2011,4.5,12.48,45000,Diesel,Dealer,Manual,0
corolla altis,2013,7.45,18.61,56001,Petrol,Dealer,Manual,0
etios liva,2011,2.65,5.71,43000,Petrol,Dealer,Manual,0
etios cross,2014,4.9,8.93,83000,Diesel,Dealer,Manual,0
etios g,2015,3.95,6.8,36000,Petrol,Dealer,Manual,0
corolla altis,2013,5.5,14.68,72000,Petrol,Dealer,Manual,0
corolla,2004,1.5,12.35,135154,Petrol,Dealer,Automatic,0
corolla altis,2010,5.25,22.83,80000,Petrol,Dealer,Automatic,0
fortuner,2012,14.5,30.61,89000,Diesel,Dealer,Automatic,0
corolla altis,2016,14.73,14.89,23000,Diesel,Dealer,Manual,0
etios gd,2015,4.75,7.85,40000,Diesel,Dealer,Manual,0
innova,2017,23.0,25.39,15000,Diesel,Dealer,Automatic,0
innova,2015,12.5,13.46,38000,Diesel,Dealer,Manual,0
innova,2005,3.49,13.46,197176,Diesel,Dealer,Manual,0
camry,2006,2.5,23.73,142000,Petrol,Individual,Automatic,3
land cruiser,2010,35.0,92.6,78000,Diesel,Dealer,Manual,0
corolla altis,2012,5.9,13.74,56000,Petrol,Dealer,Manual,0
etios liva,2013,3.45,6.05,47000,Petrol,Dealer,Manual,0
etios g,2014,4.75,6.76,40000,Petrol,Dealer,Manual,0
corolla altis,2009,3.8,18.61,62000,Petrol,Dealer,Manual,0
innova,2014,11.25,16.09,58242,Diesel,Dealer,Manual,0
innova,2005,3.51,13.7,75000,Petrol,Dealer,Manual,0
fortuner,2015,23.0,30.61,40000,Diesel,Dealer,Automatic,0
corolla altis,2008,4.0,22.78,89000,Petrol,Dealer,Automatic,0
corolla altis,2012,5.85,18.61,72000,Petrol,Dealer,Manual,0
innova,2016,20.75,25.39,29000,Diesel,Dealer,Automatic,0
corolla altis,2017,17.0,18.64,8700,Petrol,Dealer,Manual,0
corolla altis,2013,7.05,18.61,45000,Petrol,Dealer,Manual,0
fortuner,2010,9.65,20.45,50024,Diesel,Dealer,Manual,0
Royal Enfield Thunder 500,2016,1.75,1.9,3000,Petrol,Individual,Manual,0
UM Renegade Mojave,2017,1.7,1.82,1400,Petrol,Individual,Manual,0
KTM RC200,2017,1.65,1.78,4000,Petrol,Individual,Manual,0
Bajaj Dominar 400,2017,1.45,1.6,1200,Petrol,Individual,Manual,0
Royal Enfield Classic 350,2017,1.35,1.47,4100,Petrol,Individual,Manual,0
KTM RC390,2015,1.35,2.37,21700,Petrol,Individual,Manual,0
Hyosung GT250R,2014,1.35,3.45,16500,Petrol,Individual,Manual,1
Royal Enfield Thunder 350,2013,1.25,1.5,15000,Petrol,Individual,Manual,0
Royal Enfield Thunder 350,2016,1.2,1.5,18000,Petrol,Individual,Manual,0
Royal Enfield Classic 350,2017,1.2,1.47,11000,Petrol,Individual,Manual,0
KTM RC200,2016,1.2,1.78,6000,Petrol,Individual,Manual,0
Royal Enfield Thunder 350,2016,1.15,1.5,8700,Petrol,Individual,Manual,0
KTM 390 Duke ,2014,1.15,2.4,7000,Petrol,Individual,Manual,0
Mahindra Mojo XT300,2016,1.15,1.4,35000,Petrol,Individual,Manual,0
Royal Enfield Classic 350,2015,1.15,1.47,17000,Petrol,Individual,Manual,0
Royal Enfield Classic 350,2015,1.11,1.47,17500,Petrol,Individual,Manual,0
Royal Enfield Classic 350,2013,1.1,1.47,33000,Petrol,Individual,Manual,0
Royal Enfield Thunder 500,2015,1.1,1.9,14000,Petrol,Individual,Manual,0
Royal Enfield Classic 350,2015,1.1,1.47,26000,Petrol,Individual,Manual,0
Royal Enfield Thunder 500,2013,1.05,1.9,5400,Petrol,Individual,Manual,0
Bajaj Pulsar RS200,2016,1.05,1.26,5700,Petrol,Individual,Manual,0
Royal Enfield Thunder 350,2011,1.05,1.5,6900,Petrol,Individual,Manual,0
Royal Enfield Bullet 350,2016,1.05,1.17,6000,Petrol,Individual,Manual,0
Royal Enfield Classic 350,2013,1.0,1.47,46500,Petrol,Individual,Manual,0
Royal Enfield Classic 500,2012,0.95,1.75,11500,Petrol,Individual,Manual,0
Royal Enfield Classic 500,2009,0.9,1.75,40000,Petrol,Individual,Manual,0
Bajaj Avenger 220,2017,0.9,0.95,1300,Petrol,Individual,Manual,0
Bajaj Avenger 150,2016,0.75,0.8,7000,Petrol,Individual,Manual,0
Honda CB Hornet 160R,2017,0.8,0.87,3000,Petrol,Individual,Manual,0
Yamaha FZ S V 2.0,2017,0.78,0.84,5000,Petrol,Individual,Manual,0
Honda CB Hornet 160R,2017,0.75,0.87,11000,Petrol,Individual,Manual,0
Yamaha FZ 16,2015,0.75,0.82,18000,Petrol,Individual,Manual,0
Bajaj Avenger 220,2017,0.75,0.95,3500,Petrol,Individual,Manual,0
Bajaj Avenger 220,2016,0.72,0.95,500,Petrol,Individual,Manual,0
TVS Apache RTR 160,2017,0.65,0.81,11800,Petrol,Individual,Manual,0
Bajaj Pulsar 150,2015,0.65,0.74,5000,Petrol,Individual,Manual,0
Honda CBR 150,2014,0.65,1.2,23500,Petrol,Individual,Manual,0
Hero Extreme,2013,0.65,0.787,16000,Petrol,Individual,Manual,0
Honda CB Hornet 160R,2016,0.6,0.87,15000,Petrol,Individual,Manual,0
Bajaj Avenger 220 dtsi,2015,0.6,0.95,16600,Petrol,Individual,Manual,0
Honda CBR 150,2013,0.6,1.2,32000,Petrol,Individual,Manual,0
Bajaj Avenger 150 street,2016,0.6,0.8,20000,Petrol,Individual,Manual,0
Yamaha FZ  v 2.0,2015,0.6,0.84,29000,Petrol,Individual,Manual,0
Yamaha FZ  v 2.0,2016,0.6,0.84,25000,Petrol,Individual,Manual,0
Bajaj Pulsar  NS 200,2014,0.6,0.99,25000,Petrol,Individual,Manual,0
TVS Apache RTR 160,2012,0.6,0.81,19000,Petrol,Individual,Manual,0
Hero Extreme,2014,0.55,0.787,15000,Petrol,Individual,Manual,0
Yamaha FZ S V 2.0,2015,0.55,0.84,58000,Petrol,Individual,Manual,0
Bajaj Pulsar 220 F,2010,0.52,0.94,45000,Petrol,Individual,Manual,0
Bajaj Pulsar 220 F,2016,0.51,0.94,24000,Petrol,Individual,Manual,0
TVS Apache RTR 180,2011,0.5,0.826,6000,Petrol,Individual,Manual,0
Hero Passion X pro,2016,0.5,0.55,31000,Petrol,Individual,Manual,0
Bajaj Pulsar NS 200,2012,0.5,0.99,13000,Petrol,Individual,Manual,0
Bajaj Pulsar NS 200,2013,0.5,0.99,45000,Petrol,Individual,Manual,0
Yamaha Fazer ,2014,0.5,0.88,8000,Petrol,Individual,Manual,0
Honda Activa 4G,2017,0.48,0.51,4300,Petrol,Individual,Automatic,0
TVS Sport ,2017,0.48,0.52,15000,Petrol,Individual,Manual,0
Yamaha FZ S V 2.0,2015,0.48,0.84,23000,Petrol,Individual,Manual,0
Honda Dream Yuga ,2017,0.48,0.54,8600,Petrol,Individual,Manual,0
Honda Activa 4G,2017,0.45,0.51,4000,Petrol,Individual,Automatic,0
Bajaj Avenger Street 220,2011,0.45,0.95,24000,Petrol,Individual,Manual,0
TVS Apache RTR 180,2014,0.45,0.826,23000,Petrol,Individual,Manual,0
Bajaj Pulsar NS 200,2012,0.45,0.99,14500,Petrol,Individual,Manual,0
Bajaj Avenger 220 dtsi,2010,0.45,0.95,27000,Petrol,Individual,Manual,0
Hero Splender iSmart,2016,0.45,0.54,14000,Petrol,Individual,Manual,0
Activa 3g,2016,0.45,0.54,500,Petrol,Individual,Automatic,0
Hero Passion Pro,2016,0.45,0.55,1000,Petrol,Individual,Manual,0
TVS Apache RTR 160,2014,0.42,0.81,42000,Petrol,Individual,Manual,0
Honda CB Trigger,2013,0.42,0.73,12000,Petrol,Individual,Manual,0
Hero Splender iSmart,2015,0.4,0.54,14000,Petrol,Individual,Manual,0
Yamaha FZ S ,2012,0.4,0.83,5500,Petrol,Individual,Manual,0
Hero Passion Pro,2015,0.4,0.55,6700,Petrol,Individual,Manual,0
Bajaj Pulsar 135 LS,2014,0.4,0.64,13700,Petrol,Individual,Manual,0
Activa 4g,2017,0.4,0.51,1300,Petrol,Individual,Automatic,0
Honda CB Unicorn,2015,0.38,0.72,38600,Petrol,Individual,Manual,0
Hero Honda CBZ extreme,2011,0.38,0.787,75000,Petrol,Individual,Manual,0
Honda Karizma,2011,0.35,1.05,30000,Petrol,Individual,Manual,0
Honda Activa 125,2016,0.35,0.57,24000,Petrol,Individual,Automatic,0
TVS Jupyter,2014,0.35,0.52,19000,Petrol,Individual,Automatic,0
Honda Karizma,2010,0.31,1.05,213000,Petrol,Individual,Manual,0
Hero Honda Passion Pro,2012,0.3,0.51,60000,Petrol,Individual,Manual,0
Hero Splender Plus,2016,0.3,0.48,50000,Petrol,Individual,Manual,0
Honda CB Shine,2013,0.3,0.58,30000,Petrol,Individual,Manual,0
Bajaj Discover 100,2013,0.27,0.47,21000,Petrol,Individual,Manual,0
Bajaj Pulsar 150,2008,0.25,0.75,26000,Petrol,Individual,Manual,1
Suzuki Access 125,2008,0.25,0.58,1900,Petrol,Individual,Automatic,0
TVS Wego,2010,0.25,0.52,22000,Petrol,Individual,Automatic,0
Honda CB twister,2013,0.25,0.51,32000,Petrol,Individual,Manual,0
Hero Glamour,2013,0.25,0.57,18000,Petrol,Individual,Manual,0
Hero Super Splendor,2005,0.2,0.57,55000,Petrol,Individual,Manual,0
Bajaj Pulsar 150,2008,0.2,0.75,60000,Petrol,Individual,Manual,0
Bajaj Discover 125,2012,0.2,0.57,25000,Petrol,Individual,Manual,1
Hero Hunk,2007,0.2,0.75,49000,Petrol,Individual,Manual,1
Hero  Ignitor Disc,2013,0.2,0.65,24000,Petrol,Individual,Manual,1
Hero  CBZ Xtreme,2008,0.2,0.787,50000,Petrol,Individual,Manual,0
Bajaj  ct 100,2015,0.18,0.32,35000,Petrol,Individual,Manual,0
Activa 3g,2008,0.17,0.52,500000,Petrol,Individual,Automatic,0
Honda CB twister,2010,0.16,0.51,33000,Petrol,Individual,Manual,0
Bajaj Discover 125,2011,0.15,0.57,35000,Petrol,Individual,Manual,1
Honda CB Shine,2007,0.12,0.58,53000,Petrol,Individual,Manual,0
Bajaj Pulsar 150,2006,0.1,0.75,92233,Petrol,Individual,Manual,0
i20,2010,3.25,6.79,58000,Diesel,Dealer,Manual,1
grand i10,2015,4.4,5.7,28200,Petrol,Dealer,Manual,0
i10,2011,2.95,4.6,53460,Petrol,Dealer,Manual,0
eon,2015,2.75,4.43,28282,Petrol,Dealer,Manual,0
grand i10,2016,5.25,5.7,3493,Petrol,Dealer,Manual,1
xcent,2017,5.75,7.13,12479,Petrol,Dealer,Manual,0
grand i10,2015,5.15,5.7,34797,Petrol,Dealer,Automatic,0
i20,2017,7.9,8.1,3435,Petrol,Dealer,Manual,0
grand i10,2015,4.85,5.7,21125,Diesel,Dealer,Manual,0
i10,2012,3.1,4.6,35775,Petrol,Dealer,Manual,0
elantra,2015,11.75,14.79,43535,Diesel,Dealer,Manual,0
creta,2016,11.25,13.6,22671,Petrol,Dealer,Manual,0
i20,2011,2.9,6.79,31604,Petrol,Dealer,Manual,0
grand i10,2017,5.25,5.7,20114,Petrol,Dealer,Manual,0
verna,2012,4.5,9.4,36100,Petrol,Dealer,Manual,0
eon,2016,2.9,4.43,12500,Petrol,Dealer,Manual,0
eon,2016,3.15,4.43,15000,Petrol,Dealer,Manual,0
verna,2014,6.45,9.4,45078,Petrol,Dealer,Manual,0
verna,2012,4.5,9.4,36000,Petrol,Dealer,Manual,0
eon,2017,3.5,4.43,38488,Petrol,Dealer,Manual,0
i20,2013,4.5,6.79,32000,Petrol,Dealer,Automatic,0
i20,2014,6.0,7.6,77632,Diesel,Dealer,Manual,0
verna,2015,8.25,9.4,61381,Diesel,Dealer,Manual,0
verna,2013,5.11,9.4,36198,Petrol,Dealer,Automatic,0
i10,2011,2.7,4.6,22517,Petrol,Dealer,Manual,0
grand i10,2015,5.25,5.7,24678,Petrol,Dealer,Manual,0
i10,2011,2.55,4.43,57000,Petrol,Dealer,Manual,0
verna,2012,4.95,9.4,60000,Diesel,Dealer,Manual,0
i20,2012,3.1,6.79,52132,Diesel,Dealer,Manual,0
verna,2013,6.15,9.4,45000,Diesel,Dealer,Manual,0
verna,2017,9.25,9.4,15001,Petrol,Dealer,Manual,0
elantra,2015,11.45,14.79,12900,Petrol,Dealer,Automatic,0
grand i10,2013,3.9,5.7,53000,Diesel,Dealer,Manual,0
grand i10,2015,5.5,5.7,4492,Petrol,Dealer,Manual,0
verna,2017,9.1,9.4,15141,Petrol,Dealer,Manual,0
eon,2016,3.1,4.43,11849,Petrol,Dealer,Manual,0
creta,2015,11.25,13.6,68000,Diesel,Dealer,Manual,0
verna,2013,4.8,9.4,60241,Petrol,Dealer,Manual,0
eon,2012,2.0,4.43,23709,Petrol,Dealer,Manual,0
verna,2012,5.35,9.4,32322,Diesel,Dealer,Manual,0
xcent,2015,4.75,7.13,35866,Petrol,Dealer,Manual,1
xcent,2014,4.4,7.13,34000,Petrol,Dealer,Manual,0
i20,2016,6.25,7.6,7000,Petrol,Dealer,Manual,0
verna,2013,5.95,9.4,49000,Diesel,Dealer,Manual,0
verna,2012,5.2,9.4,71000,Diesel,Dealer,Manual,0
i20,2012,3.75,6.79,35000,Petrol,Dealer,Manual,0
verna,2015,5.95,9.4,36000,Petrol,Dealer,Manual,0
i10,2013,4.0,4.6,30000,Petrol,Dealer,Manual,0
i20,2016,5.25,7.6,17000,Petrol,Dealer,Manual,0
creta,2016,12.9,13.6,35934,Diesel,Dealer,Manual,0
city,2013,5.0,9.9,56701,Petrol,Dealer,Manual,0
brio,2015,5.4,6.82,31427,Petrol,Dealer,Automatic,0
city,2014,7.2,9.9,48000,Diesel,Dealer,Manual,0
city,2013,5.25,9.9,54242,Petrol,Dealer,Manual,0
brio,2012,3.0,5.35,53675,Petrol,Dealer,Manual,0
city,2016,10.25,13.6,49562,Petrol,Dealer,Manual,0
city,2015,8.5,13.6,40324,Petrol,Dealer,Manual,0
city,2015,8.4,13.6,25000,Petrol,Dealer,Manual,0
amaze,2014,3.9,7.0,36054,Petrol,Dealer,Manual,0
city,2016,9.15,13.6,29223,Petrol,Dealer,Manual,0
brio,2016,5.5,5.97,5600,Petrol,Dealer,Manual,0
amaze,2015,4.0,5.8,40023,Petrol,Dealer,Manual,0
jazz,2016,6.6,7.7,16002,Petrol,Dealer,Manual,0
amaze,2015,4.0,7.0,40026,Petrol,Dealer,Manual,0
jazz,2017,6.5,8.7,21200,Petrol,Dealer,Manual,0
amaze,2014,3.65,7.0,35000,Petrol,Dealer,Manual,0
city,2016,8.35,9.4,19434,Diesel,Dealer,Manual,0
brio,2017,4.8,5.8,19000,Petrol,Dealer,Manual,0
city,2015,6.7,10.0,18828,Petrol,Dealer,Manual,0
city,2011,4.1,10.0,69341,Petrol,Dealer,Manual,0
city,2009,3.0,10.0,69562,Petrol,Dealer,Manual,0
city,2015,7.5,10.0,27600,Petrol,Dealer,Manual,0
jazz,2010,2.25,7.5,61203,Petrol,Dealer,Manual,0
brio,2014,5.3,6.8,16500,Petrol,Dealer,Manual,0
city,2016,10.9,13.6,30753,Petrol,Dealer,Automatic,0
city,2015,8.65,13.6,24800,Petrol,Dealer,Manual,0
city,2015,9.7,13.6,21780,Petrol,Dealer,Manual,0
jazz,2016,6.0,8.4,4000,Petrol,Dealer,Manual,0
city,2014,6.25,13.6,40126,Petrol,Dealer,Manual,0
brio,2015,5.25,5.9,14465,Petrol,Dealer,Manual,0
city,2006,2.1,7.6,50456,Petrol,Dealer,Manual,0
city,2014,8.25,14.0,63000,Diesel,Dealer,Manual,0
city,2016,8.99,11.8,9010,Petrol,Dealer,Manual,0
brio,2013,3.5,5.9,9800,Petrol,Dealer,Manual,0
jazz,2016,7.4,8.5,15059,Petrol,Dealer,Automatic,0
jazz,2016,5.65,7.9,28569,Petrol,Dealer,Manual,0
amaze,2015,5.75,7.5,44000,Petrol,Dealer,Automatic,0
city,2015,8.4,13.6,34000,Petrol,Dealer,Manual,0
city,2016,10.11,13.6,10980,Petrol,Dealer,Manual,0
amaze,2014,4.5,6.4,19000,Petrol,Dealer,Manual,0
brio,2015,5.4,6.1,31427,Petrol,Dealer,Manual,0
jazz,2016,6.4,8.4,12000,Petrol,Dealer,Manual,0
city,2010,3.25,9.9,38000,Petrol,Dealer,Manual,0
amaze,2014,3.75,6.8,33019,Petrol,Dealer,Manual,0
city,2015,8.55,13.09,60076,Diesel,Dealer,Manual,0
city,2016,9.5,11.6,33988,Diesel,Dealer,Manual,0
brio,2015,4.0,5.9,60000,Petrol,Dealer,Manual,0
city,2009,3.35,11.0,87934,Petrol,Dealer,Manual,0
city,2017,11.5,12.5,9000,Diesel,Dealer,Manual,0
brio,2016,5.3,5.9,5464,Petrol,Dealer,Manual,0
etios g,2011,5.32,8.83,39485,Petrol,Dealer,Manual,1
swift,2014,3.44,5.72,20000,Petrol,Dealer,Manual,0
Hero Passion Pro,2008,0.51,0.63,1000,Petrol,Individual,Manual,0
corolla altis,2018,18.06,18.25,23000,Diesel,Dealer,Manual,0
fortuner,2010,15.45,32.61,89000,Diesel,Dealer,Automatic,0
Honda Activa 4G,2007,0.58,0.66,4000,Petrol,Individual,Automatic,0
Royal Enfield Thunder 500,2019,1.11,2.01,5400,Petrol,Individual,Manual,0
city,2009,9.26,14.81,40324,Petrol,Dealer,Manual,0
verna,2014,5.88,11.16,60000,Diesel,Dealer,Manual,0
i20,2024,3.73,8.72,28333,Petrol,Dealer,Manual,0
eon,2013,3.41,5.21,12500,Petrol,Dealer,Manual,0
Yamaha FZ S ,2020,0.5,1.03,9661,Petrol,Individual,Manual,0
fortuner,2024,29.72,39.55,38197,Diesel,Dealer,Automatic,0
TVS Apache RTR 160,2004,0.54,1.04,42000,Petrol,Individual,Manual,0
Hero Passion X pro,2017,0.58,0.64,31000,Petrol,Individual,Manual,0
fortuner,2004,10.55,23.33,59000,Diesel,Dealer,Manual,0
amaze,2023,7.31,9.53,37985,Petrol,Dealer,Automatic,0
ertiga,2022,7.25,9.17,44685,Petrol,Dealer,Manual,0
i20,2022,3.92,8.2,27095,Diesel,Dealer,Manual,1
Honda CB Shine,2013,0.14,0.68,53000,Petrol,Individual,Manual,0
i20,2021,7.54,9.55,6927,Diesel,Dealer,Manual,0
corolla altis,2013,6.66,28.94,80000,Petrol,Dealer,Automatic,0
brio,2012,6.27,6.98,5464,Petrol,Dealer,Manual,0
Honda Karizma,2018,0.36,1.21,213000,Petrol,Individual,Manual,0
Royal Enfield Classic 350,2003,1.07,1.57,46500,Petrol,Individual,Manual,0
Royal Enfield Classic 350,2021,1.2,1.6,38957,Petrol,Individual,Manual,0
Bajaj Pulsar RS200,2014,1.23,1.47,5700,Petrol,Individual,Manual,0
amaze,2006,4.41,6.39,40023,Petrol,Dealer,Manual,0
TVS Apache RTR 160,2006,0.75,1.02,19000,Petrol,Individual,Manual,0
city,2022,11.21,15.08,8369,Petrol,Dealer,Manual,0
verna,2015,6.61,11.94,71000,Diesel,Dealer,Manual,0
fortuner,2006,37.47,41.13,6000,Diesel,Dealer,Automatic,0
fortuner,2013,10.71,22.69,50024,Diesel,Dealer,Manual,0
grand i10,2015,6.56,7.13,20114,Petrol,Dealer,Manual,0
sx4,2013,2.9,8.73,41442,Petrol,Dealer,Manual,0
sx4,2010,3.17,8.31,49998,CNG,Dealer,Manual,0
amaze,2006,5.17,9.05,40026,Petrol,Dealer,Manual,0
i20,2024,4.15,7.52,48867,Petrol,Dealer,Manual,0
i20,2012,7.59,9.61,77632,Diesel,Dealer,Manual,0
Royal Enfield Classic 350,2024,1.13,1.66,38013,Petrol,Individual,Manual,0
ciaz,2022,8.16,11.09,43562,Petrol,Dealer,Manual,0
amaze,2010,5.05,7.33,40023,Petrol,Dealer,Manual,0
city,2015,9.31,15.81,63000,Diesel,Dealer,Manual,0
Bajaj Pulsar 150,2023,0.75,0.85,39600,Petrol,Individual,Manual,0
city,2015,11.59,16.26,21780,Petrol,Dealer,Manual,0
ciaz,2017,8.17,13.11,15000,Petrol,Dealer,Automatic,0
etios liva,2009,5.11,7.47,45000,Diesel,Dealer,Manual,0
amaze,2023,7.35,9.59,5085,Petrol,Dealer,Automatic,0
Bajaj Avenger 220 dtsi,2022,0.58,1.23,10749,Petrol,Individual,Manual,0
i20,2007,3.94,8.63,52132,Diesel,Dealer,Manual,0
grand i10,2004,5.32,6.9,28200,Petrol,Dealer,Manual,0
Yamaha FZ  v 2.0,2006,0.77,1.08,29000,Petrol,Individual,Manual,0
Yamaha FZ S V 2.0,2006,0.93,1.0,5000,Petrol,Individual,Manual,0
ciaz,2020,8.7,11.83,28853,Petrol,Dealer,Manual,0
jazz,2010,7.95,10.44,12000,Petrol,Dealer,Manual,0
jazz,2003,7.32,9.6,12000,Petrol,Dealer,Manual,0
Yamaha FZ 16,2018,0.93,1.02,18000,Petrol,Individual,Manual,0
city,2019,5.72,11.32,56701,Petrol,Dealer,Manual,0
city,2011,11.2,13.67,33988,Diesel,Dealer,Manual,0
ertiga,2013,6.37,10.56,45000,Diesel,Dealer,Manual,0
brio,2024,5.39,6.51,9498,Petrol,Dealer,Manual,0
verna,2008,5.14,10.73,36100,Petrol,Dealer,Manual,0
camry,2019,3.16,29.99,142000,Petrol,Individual,Automatic,3
Honda CB Shine,2003,0.32,0.62,30000,Petrol,Individual,Manual,0
alto k10,2011,3.76,4.72,10079,Petrol,Dealer,Manual,0
ertiga,2009,7.54,12.5,45000,Diesel,Dealer,Manual,0
TVS Wego,2011,0.29,0.59,22000,Petrol,Individual,Automatic,0
Honda CBR 150,2023,0.76,1.52,47880,Petrol,Individual,Manual,0
fortuner,2024,17.89,36.75,48110,Diesel,Dealer,Automatic,0
Hero Super Splendor,2016,0.22,0.63,55000,Petrol,Individual,Manual,0
wagon r,2021,3.31,5.03,8129,Petrol,Dealer,Manual,0
Yamaha FZ S ,2023,0.46,0.96,5202,Petrol,Individual,Manual,0
TVS Apache RTR 160,2010,0.68,0.92,19000,Petrol,Individual,Manual,0
brio,2004,5.33,6.45,19000,Petrol,Dealer,Manual,0
corolla altis,2018,6.55,20.82,72000,Petrol,Dealer,Manual,0
verna,2006,6.12,10.75,32322,Diesel,Dealer,Manual,0
i20,2011,5.38,8.12,32000,Petrol,Dealer,Automatic,0
alto k10,2023,3.59,4.5,10278,Petrol,Dealer,Manual,0
i20,2018,7.23,9.16,77632,Diesel,Dealer,Manual,0
city,2016,9.32,10.49,19434,Diesel,Dealer,Manual,0
verna,2021,5.54,11.58,38695,Petrol,Dealer,Manual,0
Bajaj Pulsar 150,2010,0.32,0.96,26000,Petrol,Individual,Manual,1
Honda CB Trigger,2014,0.45,0.78,12000,Petrol,Individual,Manual,0
Royal Enfield Thunder 500,2025,1.85,2.0,10195,Petrol,Individual,Manual,0
city,2005,3.86,12.86,69562,Petrol,Dealer,Manual,0
corolla altis,2011,5.55,24.13,80000,Petrol,Dealer,Automatic,0
sx4,2014,5.98,12.02,43000,Diesel,Dealer,Manual,0
Honda Activa 125,2019,0.37,0.61,24000,Petrol,Individual,Automatic,0
Yamaha FZ S V 2.0,2019,0.91,0.98,5000,Petrol,Individual,Manual,0
ciaz,2024,9.66,12.81,18261,Petrol,Dealer,Automatic,0
corolla altis,2020,4.73,14.95,25681,Petrol,Dealer,Manual,0
city,2010,9.22,14.12,60076,Diesel,Dealer,Manual,0
Honda Karizma,2009,0.39,1.18,30000,Petrol,Individual,Manual,0
ciaz,2011,7.53,11.41,51000,Diesel,Dealer,Manual,0
TVS Jupyter,2023,0.37,0.55,33267,Petrol,Individual,Automatic,0
Royal Enfield Classic 350,2020,1.41,1.88,13893,Petrol,Individual,Manual,0
ritz,2004,3.43,6.33,64532,Petrol,Dealer,Manual,0
ertiga,2014,7.0,11.6,45000,Diesel,Dealer,Manual,0
jazz,2025,8.44,9.7,11077,Petrol,Dealer,Automatic,0
Yamaha FZ S V 2.0,2014,0.67,1.02,58000,Petrol,Individual,Manual,0
TVS Wego,2018,0.29,0.6,22000,Petrol,Individual,Automatic,0
amaze,2021,5.02,9.0,46826,Petrol,Dealer,Manual,0
eon,2008,3.24,5.23,28282,Petrol,Dealer,Manual,0
fortuner,2023,17.8,36.56,30592,Diesel,Dealer,Automatic,0
Honda Activa 125,2009,0.44,0.71,24000,Petrol,Individual,Automatic,0
xcent,2024,6.08,7.53,41757,Petrol,Dealer,Manual,0
alto 800,2023,3.65,4.61,40116,Petrol,Dealer,Manual,0
etios g,2025,4.63,7.68,14812,Petrol,Dealer,Manual,1
xcent,2020,4.86,7.88,46310,Petrol,Dealer,Manual,0
Honda Activa 4G,2011,0.5,0.57,4000,Petrol,Individual,Automatic,0
grand i10,2022,6.18,6.71,16755,Petrol,Dealer,Manual,1
innova,2012,4.09,15.97,75000,Petrol,Dealer,Manual,0
800,2024,0.44,2.88,12723,Petrol,Individual,Manual,0
alto k10,2006,2.08,4.2,44542,Petrol,Dealer,Manual,0
KTM RC390,2008,1.42,2.5,21700,Petrol,Individual,Manual,0
corolla altis,2016,4.57,19.08,70000,Petrol,Dealer,Automatic,0
city,2003,7.91,10.87,48000,Diesel,Dealer,Manual,0
Bajaj Avenger 150 street,2003,0.74,0.99,20000,Petrol,Individual,Manual,0
Bajaj Pulsar 220 F,2012,0.65,1.18,45000,Petrol,Individual,Manual,0
corolla altis,2016,8.2,21.96,40001,Petrol,Dealer,Manual,0
ritz,2007,3.04,5.62,64532,Petrol,Dealer,Manual,0
Activa 3g,2014,0.19,0.59,500000,Petrol,Individual,Automatic,0
i20,2007,6.77,8.57,77632,Diesel,Dealer,Manual,0
ertiga,2003,8.65,12.05,43000,Diesel,Dealer,Manual,0
Honda CB Shine,2018,0.38,0.74,30000,Petrol,Individual,Manual,0
Royal Enfield Classic 350,2004,1.16,1.55,26000,Petrol,Individual,Manual,0
city,2005,10.04,12.26,33988,Diesel,Dealer,Manual,0
creta,2013,14.02,16.95,22671,Petrol,Dealer,Manual,0
i20,2008,3.05,7.13,31604,Petrol,Dealer,Manual,0
corolla altis,2012,7.46,23.74,72000,Petrol,Dealer,Manual,0
Bajaj Pulsar NS 200,2015,0.58,1.27,14500,Petrol,Individual,Manual,0
etios cross,2010,5.11,8.74,40588,Petrol,Dealer,Manual,0
eon,2003,3.76,5.37,11849,Petrol,Dealer,Manual,0
jazz,2025,2.39,7.98,30405,Petrol,Dealer,Manual,0
Hero Splender Plus,2014,0.32,0.51,50000,Petrol,Individual,Manual,0
sx4,2006,5.57,11.19,43000,Diesel,Dealer,Manual,0
ciaz,2011,7.87,11.92,51000,Diesel,Dealer,Manual,0
corolla altis,2006,17.87,26.23,12000,Petrol,Dealer,Manual,0
amaze,2011,5.5,7.82,19000,Petrol,Dealer,Manual,0
i20,2007,5.79,8.39,17000,Petrol,Dealer,Manual,0
brio,2012,6.44,8.26,16500,Petrol,Dealer,Manual,0
Honda CBR 150,2013,0.78,1.44,23500,Petrol,Individual,Manual,0
Bajaj Pulsar RS200,2005,1.15,1.38,5700,Petrol,Individual,Manual,0
Bajaj Avenger 220 dtsi,2020,0.68,1.08,17682,Petrol,Individual,Manual,0
city,2004,8.41,11.21,27600,Petrol,Dealer,Manual,0
etios liva,2008,4.45,7.8,47000,Petrol,Dealer,Manual,0
Royal Enfield Thunder 500,2003,1.43,2.46,14000,Petrol,Individual,Manual,0
TVS Apache RTR 180,2022,0.56,0.92,45022,Petrol,Individual,Manual,0
ciaz,2009,7.46,8.98,18796,Petrol,Dealer,Manual,0
swift,2014,4.75,6.71,55138,Petrol,Dealer,Manual,0
KTM RC200,2014,1.82,1.96,4000,Petrol,Individual,Manual,0
innova,2005,22.39,27.4,29000,Diesel,Dealer,Automatic,0
Yamaha FZ  v 2.0,2017,0.74,1.04,25000,Petrol,Individual,Manual,0
Royal Enfield Classic 350,2010,1.09,1.6,46500,Petrol,Individual,Manual,0
grand i10,2010,6.44,7.13,34797,Petrol,Dealer,Automatic,0
ertiga,2023,6.89,11.43,10409,Diesel,Dealer,Manual,0
etios liva,2021,6.08,8.89,5658,Diesel,Dealer,Manual,0
verna,2003,11.92,12.11,15001,Petrol,Dealer,Manual,0
Royal Enfield Classic 350,2013,1.2,1.6,33000,Petrol,Individual,Manual,0
Royal Enfield Classic 350,2012,1.47,1.88,17000,Petrol,Individual,Manual,0
grand i10,2020,5.91,6.42,8970,Petrol,Dealer,Manual,1
Royal Enfield Classic 350,2012,1.32,1.75,17500,Petrol,Individual,Manual,0
i20,2023,5.53,8.01,44558,Petrol,Dealer,Manual,0
i20,2003,8.09,9.84,7000,Petrol,Dealer,Manual,0
Honda CB Shine,2004,0.14,0.68,53000,Petrol,Individual,Manual,0
TVS Wego,2010,0.3,0.63,22000,Petrol,Individual,Automatic,0
Bajaj Avenger 220,2025,0.96,1.01,21279,Petrol,Individual,Manual,0
corolla altis,2014,5.86,25.48,80000,Petrol,Dealer,Automatic,0
Royal Enfield Classic 350,2014,1.24,1.59,17000,Petrol,Individual,Manual,0
brio,2003,6.23,6.76,5600,Petrol,Dealer,Manual,0
eon,2021,3.36,5.41,20322,Petrol,Dealer,Manual,0
etios liva,2007,4.06,7.11,47000,Petrol,Dealer,Manual,0
Hero Extreme,2023,0.64,0.92,37911,Petrol,Individual,Manual,0
innova,2025,3.43,12.75,21976,Petrol,Individual,Manual,0
Royal Enfield Thunder 500,2016,1.2,2.18,5400,Petrol,Individual,Manual,0
innova,2012,3.15,11.7,90000,Petrol,Individual,Manual,0
corolla altis,2012,17.84,18.03,23000,Diesel,Dealer,Manual,0
etios gd,2012,5.62,9.29,40000,Diesel,Dealer,Manual,0
city,2015,7.02,15.28,40126,Petrol,Dealer,Manual,0
amaze,2020,5.13,8.98,14563,Petrol,Dealer,Manual,0
i20,2019,7.74,9.8,77632,Diesel,Dealer,Manual,0
UM Renegade Mojave,2021,2.14,2.29,18522,Petrol,Individual,Manual,0
Bajaj Pulsar NS 200,2017,0.53,1.04,45000,Petrol,Individual,Manual,0
eon,2024,3.44,5.55,24933,Petrol,Dealer,Manual,0
grand i10,2020,6.53,7.09,43130,Petrol,Dealer,Manual,0
Yamaha FZ S V 2.0,2013,0.88,0.95,5000,Petrol,Individual,Manual,0
eon,2010,3.3,5.32,28282,Petrol,Dealer,Manual,0
brio,2021,3.37,6.0,40188,Petrol,Dealer,Manual,0
ertiga,2020,7.21,9.58,6576,Petrol,Dealer,Manual,0
fortuner,2023,25.72,34.23,24514,Diesel,Dealer,Automatic,0
Hero Glamour,2022,0.32,0.73,13992,Petrol,Individual,Manual,0
TVS Sport ,2008,0.59,0.64,15000,Petrol,Individual,Manual,0
Bajaj  ct 100,2012,0.2,0.36,35000,Petrol,Individual,Manual,0
grand i10,2009,6.53,7.09,3493,Petrol,Dealer,Manual,1
etios g,2005,4.91,8.15,39485,Petrol,Dealer,Manual,1
TVS Apache RTR 180,2022,0.6,1.0,45379,Petrol,Individual,Manual,0
eon,2024,4.1,5.18,16093,Petrol,Dealer,Manual,0
ritz,2015,4.32,7.2,27000,Petrol,Dealer,Manual,0
swift,2003,3.21,5.34,20000,Petrol,Dealer,Manual,0
city,2003,13.92,17.37,30753,Petrol,Dealer,Automatic,0
etios liva,2018,5.55,8.13,45000,Diesel,Dealer,Manual,0
corolla altis,2014,5.36,16.92,88000,Petrol,Dealer,Manual,0
corolla altis,2014,4.41,21.62,62000,Petrol,Dealer,Manual,0
Honda CBR 150,2023,0.64,1.28,6426,Petrol,Individual,Manual,0
xcent,2019,6.25,7.76,12479,Petrol,Dealer,Manual,0
corolla altis,2016,6.84,15.93,56000,Petrol,Dealer,Manual,0
dzire,2012,2.73,8.75,77427,Petrol,Dealer,Manual,0
Royal Enfield Thunder 500,2010,2.13,2.31,3000,Petrol,Individual,Manual,0
Royal Enfield Thunder 500,2006,2.03,2.2,3000,Petrol,Individual,Manual,0
brio,2013,5.98,7.23,19000,Petrol,Dealer,Manual,0
i20,2011,5.67,8.56,32000,Petrol,Dealer,Automatic,0
city,2005,10.71,16.84,24800,Petrol,Dealer,Manual,0
Bajaj Discover 125,2006,0.24,0.68,25000,Petrol,Individual,Manual,1
Hero Super Splendor,2008,0.26,0.73,55000,Petrol,Individual,Manual,0
brio,2004,6.22,7.98,16500,Petrol,Dealer,Manual,0
Honda CBR 150,2004,0.82,1.51,23500,Petrol,Individual,Manual,0
dzire,2014,6.42,9.41,45780,Diesel,Dealer,Manual,0
Bajaj Avenger 150 street,2016,0.71,0.95,20000,Petrol,Individual,Manual,0
Honda CBR 150,2023,0.81,1.49,8029,Petrol,Individual,Manual,0
Honda CB Hornet 160R,2014,0.65,0.94,15000,Petrol,Individual,Manual,0
jazz,2006,8.25,10.82,12000,Petrol,Dealer,Manual,0
Suzuki Access 125,2011,0.3,0.69,1900,Petrol,Individual,Automatic,0
brio,2010,5.68,6.32,5464,Petrol,Dealer,Manual,0
city,2006,10.29,16.67,25000,Petrol,Dealer,Manual,0
Mahindra Mojo XT300,2005,1.26,1.53,35000,Petrol,Individual,Manual,0
Bajaj Avenger 220,2014,0.92,1.16,3500,Petrol,Individual,Manual,0
alto k10,2023,3.16,3.96,15031,Petrol,Dealer,Manual,0
Royal Enfield Classic 350,2021,1.66,1.81,37059,Petrol,Individual,Manual,0
grand i10,2009,4.73,6.13,28200,Petrol,Dealer,Manual,0
s cross,2020,8.37,11.09,33862,Diesel,Dealer,Manual,0
Honda CB twister,2022,0.28,0.58,40589,Petrol,Individual,Manual,0
brio,2005,5.69,6.42,31427,Petrol,Dealer,Manual,0
jazz,2005,7.66,10.26,21200,Petrol,Dealer,Manual,0
sx4,2004,5.76,11.57,43000,Diesel,Dealer,Manual,0
Honda CB Hornet 160R,2006,0.93,1.01,3000,Petrol,Individual,Manual,0
Royal Enfield Thunder 500,2004,1.31,2.37,5400,Petrol,Individual,Manual,0
KTM RC200,2007,1.95,2.11,4000,Petrol,Individual,Manual,0
UM Renegade Mojave,2025,2.13,2.28,7936,Petrol,Individual,Manual,0
innova,2007,2.95,10.94,90000,Petrol,Individual,Manual,0
i20,2023,5.89,8.52,12259,Petrol,Dealer,Manual,0
city,2021,7.81,17.0,37052,Petrol,Dealer,Manual,0
ertiga,2014,6.11,8.12,25870,Petrol,Dealer,Manual,0
i20,2016,5.91,8.56,17000,Petrol,Dealer,Manual,0
eon,2012,3.06,4.93,28282,Petrol,Dealer,Manual,0
eon,2010,4.03,5.11,38488,Petrol,Dealer,Manual,0
Hero Splender iSmart,2018,0.49,0.58,14000,Petrol,Individual,Manual,0
jazz,2004,8.31,11.13,21200,Petrol,Dealer,Manual,0
Royal Enfield Classic 350,2015,1.68,1.83,4100,Petrol,Individual,Manual,0
alto k10,2004,3.54,4.43,10079,Petrol,Dealer,Manual,0
baleno,2007,6.87,9.24,24524,Petrol,Dealer,Automatic,0
i20,2020,3.05,7.13,11629,Petrol,Dealer,Manual,0
jazz,2014,7.04,9.84,28569,Petrol,Dealer,Manual,0
Royal Enfield Bullet 350,2021,1.25,1.39,25338,Petrol,Individual,Manual,0
fortuner,2008,10.78,22.85,50024,Diesel,Dealer,Manual,0
city,2015,10.88,17.61,34000,Petrol,Dealer,Manual,0
verna,2005,6.33,10.01,49000,Diesel,Dealer,Manual,0
Honda CBR 150,2020,0.65,1.3,45985,Petrol,Individual,Manual,0
alto 800,2024,3.35,4.24,32591,Petrol,Dealer,Manual,0
ciaz,2012,10.8,10.97,20273,Diesel,Dealer,Manual,0
ertiga,2005,7.22,9.6,25870,Petrol,Dealer,Manual,0
ciaz,2019,9.0,12.54,45000,Diesel,Dealer,Manual,0
corolla altis,2006,6.07,26.38,80000,Petrol,Dealer,Automatic,0
amaze,2007,4.4,7.98,33019,Petrol,Dealer,Manual,0
corolla altis,2014,7.21,22.93,72000,Petrol,Dealer,Manual,0
baleno,2007,6.35,8.54,24524,Petrol,Dealer,Automatic,0
city,2014,9.27,12.75,48000,Diesel,Dealer,Manual,0
Bajaj Avenger 150,2019,0.87,0.93,7000,Petrol,Individual,Manual,0
vitara brezza,2012,10.96,11.65,2071,Diesel,Dealer,Manual,0
Bajaj Pulsar RS200,2022,1.13,1.35,10929,Petrol,Individual,Manual,0
grand i10,2006,4.65,6.02,28200,Petrol,Dealer,Manual,0
Bajaj Avenger 150 street,2006,0.68,0.91,20000,Petrol,Individual,Manual,0
sx4,2005,3.22,8.46,49998,CNG,Dealer,Manual,0
wagon r,2010,1.16,4.6,65000,Petrol,Dealer,Manual,0
fortuner,2007,18.4,35.21,135000,Diesel,Individual,Automatic,0
innova,2022,24.35,29.79,49073,Diesel,Dealer,Automatic,0
KTM 390 Duke ,2012,1.29,2.68,7000,Petrol,Individual,Manual,0
creta,2009,14.38,15.16,35934,Diesel,Dealer,Manual,0
fortuner,2005,17.07,36.03,89000,Diesel,Dealer,Automatic,0
fortuner,2012,11.96,26.45,59000,Diesel,Dealer,Manual,0
sx4,2025,2.68,9.49,24342,Petrol,Dealer,Manual,0
etios liva,2018,4.03,7.07,47000,Petrol,Dealer,Manual,0
innova,2013,24.65,28.89,11000,Petrol,Dealer,Automatic,0
Hero Hunk,2007,0.24,0.89,49000,Petrol,Individual,Manual,1
ignis,2004,6.34,7.39,2400,Petrol,Dealer,Manual,0
verna,2021,11.37,11.55,14849,Petrol,Dealer,Manual,0
Yamaha FZ S V 2.0,2012,0.59,0.91,58000,Petrol,Individual,Manual,0
Royal Enfield Classic 350,2013,1.28,1.71,26000,Petrol,Individual,Manual,0
city,2014,3.17,10.57,69562,Petrol,Dealer,Manual,0
Royal Enfield Thunder 350,2014,1.3,1.86,6900,Petrol,Individual,Manual,0
elantra,2005,12.1,15.63,12900,Petrol,Dealer,Automatic,0
i10,2018,4.43,5.1,30000,Petrol,Dealer,Manual,0
Honda CBR 150,2010,0.66,1.32,32000,Petrol,Individual,Manual,0
i10,2018,4.29,4.93,30000,Petrol,Dealer,Manual,0
wagon r,2015,1.11,4.39,65000,Petrol,Dealer,Manual,0
Royal Enfield Thunder 500,2022,1.2,2.08,43103,Petrol,Individual,Manual,0
Yamaha FZ S ,2014,0.46,0.95,5500,Petrol,Individual,Manual,0
camry,2020,2.77,26.33,45885,Petrol,Individual,Automatic,3
grand i10,2019,6.91,7.16,4492,Petrol,Dealer,Manual,0
corolla altis,2022,5.04,15.92,30779,Petrol,Dealer,Manual,0
eon,2009,3.4,5.48,28282,Petrol,Dealer,Manual,0
etios gd,2019,5.83,9.64,40000,Diesel,Dealer,Manual,0
ciaz,2015,8.46,10.14,37000,Petrol,Dealer,Automatic,0
swift,2022,5.35,7.99,17704,Diesel,Dealer,Manual,0
grand i10,2017,4.82,7.04,53000,Diesel,Dealer,Manual,0
brio,2020,6.86,8.66,27534,Petrol,Dealer,Automatic,0
verna,2014,8.84,10.07,61381,Diesel,Dealer,Manual,0
city,2025,10.28,13.49,30447,Petrol,Dealer,Manual,0
sx4,2011,5.42,10.88,43000,Diesel,Dealer,Manual,0
xcent,2013,5.98,8.97,35866,Petrol,Dealer,Manual,1
Honda CB Hornet 160R,2004,0.9,1.05,11000,Petrol,Individual,Manual,0
city,2012,12.89,14.01,9000,Diesel,Dealer,Manual,0
Royal Enfield Bullet 350,2017,1.2,1.34,6000,Petrol,Individual,Manual,0
sx4,2014,2.42,8.58,62000,Petrol,Dealer,Manual,0
city,2013,12.93,14.06,9000,Diesel,Dealer,Manual,0
Bajaj Avenger 220,2009,1.03,1.09,1300,Petrol,Individual,Manual,0
Royal Enfield Thunder 350,2022,1.28,1.59,25000,Petrol,Individual,Manual,0
Royal Enfield Classic 350,2014,1.17,1.57,26000,Petrol,Individual,Manual,0
Yamaha FZ S V 2.0,2012,0.57,1.01,23000,Petrol,Individual,Manual,0
Hero Extreme,2004,0.6,0.86,15000,Petrol,Individual,Manual,0
jazz,2017,6.53,9.14,4000,Petrol,Dealer,Manual,0
elantra,2024,14.04,17.68,33525,Diesel,Dealer,Manual,0
ertiga,2010,7.09,11.76,45000,Diesel,Dealer,Manual,0
ignis,2020,5.59,6.51,36209,Petrol,Dealer,Manual,0
Yamaha FZ S V 2.0,2021,0.62,0.94,20705,Petrol,Individual,Manual,0
city,2004,14.06,17.54,30753,Petrol,Dealer,Automatic,0
Honda CB Hornet 160R,2010,0.88,1.02,11000,Petrol,Individual,Manual,0
grand i10,2008,4.96,7.25,53000,Diesel,Dealer,Manual,0
ciaz,2004,8.62,10.33,37000,Petrol,Dealer,Automatic,0
Honda Activa 4G,2018,0.5,0.57,4000,Petrol,Individual,Automatic,0
alto 800,2015,3.31,4.18,2135,Petrol,Dealer,Manual,0
grand i10,2021,5.02,7.34,45454,Diesel,Dealer,Manual,0
Yamaha FZ  v 2.0,2003,0.66,0.93,25000,Petrol,Individual,Manual,0
city,2008,11.88,14.5,33988,Diesel,Dealer,Manual,0
verna,2006,5.16,10.1,60241,Petrol,Dealer,Manual,0
TVS Sport ,2023,0.53,0.58,9390,Petrol,Individual,Manual,0
ciaz,2013,11.14,11.32,20273,Diesel,Dealer,Manual,0
UM Renegade Mojave,2014,1.92,2.06,1400,Petrol,Individual,Manual,0
TVS Apache RTR 180,2022,0.53,0.98,47660,Petrol,Individual,Manual,0
alto k10,2021,2.45,4.96,39586,Petrol,Dealer,Manual,0
Bajaj Avenger 220 dtsi,2006,0.56,1.19,27000,Petrol,Individual,Manual,0
Royal Enfield Classic 350,2009,1.68,1.82,4100,Petrol,Individual,Manual,0
corolla altis,2003,6.57,20.9,72000,Petrol,Dealer,Manual,0
amaze,2017,5.13,8.97,40026,Petrol,Dealer,Manual,0
fortuner,2006,23.8,42.82,41000,Diesel,Dealer,Automatic,0
i20,2024,3.58,7.47,46587,Diesel,Dealer,Manual,1
Bajaj Pulsar 150,2019,0.27,0.8,26000,Petrol,Individual,Manual,1
TVS Apache RTR 180,2011,0.61,1.0,6000,Petrol,Individual,Manual,0
corolla altis,2024,5.52,24.02,19875,Petrol,Dealer,Automatic,0
city,2014,9.97,16.92,63000,Diesel,Dealer,Manual,0
brio,2006,5.27,6.37,19000,Petrol,Dealer,Manual,0
grand i10,2025,5.68,6.68,44868,Diesel,Dealer,Manual,0
Bajaj Dominar 400,2019,1.62,1.79,1200,Petrol,Individual,Manual,0
corolla altis,2007,8.4,22.17,45000,Petrol,Dealer,Manual,0
swift,2019,5.28,7.99,39000,Diesel,Dealer,Manual,0
Yamaha FZ  v 2.0,2014,0.65,0.9,25000,Petrol,Individual,Manual,0
brio,2021,5.69,6.39,39115,Petrol,Dealer,Manual,0
Hero Hunk,2006,0.23,0.88,49000,Petrol,Individual,Manual,1
ciaz,2024,9.08,14.58,27758,Petrol,Dealer,Automatic,0
i20,2006,7.11,9.01,77632,Diesel,Dealer,Manual,0
etios liva,2009,3.34,7.2,43000,Petrol,Dealer,Manual,0
i20,2021,6.98,8.49,33632,Petrol,Dealer,Manual,0
city,2011,2.61,9.43,50456,Petrol,Dealer,Manual,0
amaze,2021,4.81,8.41,12450,Petrol,Dealer,Manual,0
Royal Enfield Thunder 350,2017,1.32,1.58,15000,Petrol,Individual,Manual,0
i20,2005,7.14,8.68,7000,Petrol,Dealer,Manual,0
fortuner,2023,20.27,38.87,21927,Diesel,Dealer,Automatic,0
swift,2015,4.89,7.3,42450,Diesel,Dealer,Manual,0
etios g,2017,4.82,7.99,39485,Petrol,Dealer,Manual,1
Bajaj Pulsar 220 F,2016,0.56,1.03,24000,Petrol,Individual,Manual,0
brio,2016,3.82,6.82,53675,Petrol,Dealer,Manual,0
800,2007,0.45,2.95,127000,Petrol,Individual,Manual,0
city,2015,10.26,14.39,21780,Petrol,Dealer,Manual,0
Activa 3g,2017,0.56,0.67,500,Petrol,Individual,Automatic,0
corolla altis,2020,4.65,26.48,23077,Petrol,Dealer,Automatic,0
Hero Honda CBZ extreme,2018,0.46,0.95,75000,Petrol,Individual,Manual,0
brio,2017,6.16,6.95,31427,Petrol,Dealer,Manual,0
creta,2024,13.54,16.36,32671,Petrol,Dealer,Manual,0
corolla altis,2016,8.4,22.5,40001,Petrol,Dealer,Manual,0
city,2016,10.69,17.1,40324,Petrol,Dealer,Manual,0
ritz,2017,4.26,7.11,27000,Petrol,Dealer,Manual,0
Hero Extreme,2003,0.64,0.91,15000,Petrol,Individual,Manual,0
Royal Enfield Classic 500,2009,1.07,1.97,11500,Petrol,Individual,Manual,0
city,2008,9.85,15.08,60076,Diesel,Dealer,Manual,0
Bajaj Discover 125,2010,0.19,0.72,35000,Petrol,Individual,Manual,1
sx4,2018,2.41,8.55,62000,Petrol,Dealer,Manual,0
etios liva,2017,2.87,6.18,43000,Petrol,Dealer,Manual,0
city,2003,12.3,15.01,33988,Diesel,Dealer,Manual,0
Royal Enfield Classic 350,2013,1.25,1.59,17000,Petrol,Individual,Manual,0
Suzuki Access 125,2011,0.3,0.71,1900,Petrol,Individual,Automatic,0
KTM 390 Duke ,2016,1.28,2.66,7000,Petrol,Individual,Manual,0
wagon r,2013,3.76,5.89,35500,CNG,Dealer,Manual,0
TVS Apache RTR 180,2009,0.56,0.93,6000,Petrol,Individual,Manual,0
corolla altis,2017,6.45,28.04,80000,Petrol,Dealer,Automatic,0
i10,2013,2.95,5.13,57000,Petrol,Dealer,Manual,0
city,2004,9.07,15.4,63000,Diesel,Dealer,Manual,0
land cruiser,2011,42.31,111.94,78000,Diesel,Dealer,Manual,0
i20,2009,7.97,9.7,7000,Petrol,Dealer,Manual,0
etios cross,2022,5.1,8.23,13115,Petrol,Dealer,Manual,0
sx4,2025,2.69,9.53,9131,Petrol,Dealer,Manual,0
ertiga,2011,8.7,12.95,41678,Diesel,Dealer,Manual,0
Activa 3g,2013,0.2,0.62,500000,Petrol,Individual,Automatic,0
verna,2005,5.75,12.01,36100,Petrol,Dealer,Manual,0
jazz,2005,7.88,10.35,12000,Petrol,Dealer,Manual,0
city,2003,10.99,14.78,10980,Petrol,Dealer,Manual,0
city,2022,11.14,14.62,46940,Petrol,Dealer,Manual,0
Honda CBR 150,2011,0.83,1.54,23500,Petrol,Individual,Manual,0
corolla altis,2024,20.13,22.07,44296,Petrol,Dealer,Manual,0
baleno,2008,7.51,10.1,24524,Petrol,Dealer,Automatic,0
ciaz,2011,9.47,9.62,20273,Diesel,Dealer,Manual,0
elantra,2018,12.6,15.86,43535,Diesel,Dealer,Manual,0
city,2017,8.21,12.25,18828,Petrol,Dealer,Manual,0
s cross,2013,7.14,9.45,33429,Diesel,Dealer,Manual,0
verna,2018,5.34,11.15,36100,Petrol,Dealer,Manual,0
Royal Enfield Thunder 500,2005,1.18,2.14,5400,Petrol,Individual,Manual,0
brio,2005,4.2,7.08,9800,Petrol,Dealer,Manual,0
wagon r,2018,3.79,5.94,35500,CNG,Dealer,Manual,0
eon,2014,3.72,5.32,11849,Petrol,Dealer,Manual,0
eon,2024,3.3,4.71,22834,Petrol,Dealer,Manual,0
etios cross,2017,5.76,9.3,40534,Petrol,Dealer,Manual,0
Bajaj Avenger 220,2019,0.88,1.16,500,Petrol,Individual,Manual,0
baleno,2020,7.03,9.46,13186,Petrol,Dealer,Automatic,0
verna,2005,7.4,11.69,36000,Petrol,Dealer,Manual,0
ertiga,2019,6.52,8.24,26000,Petrol,Dealer,Manual,0
city,2013,4.21,12.82,38000,Petrol,Dealer,Manual,0
Bajaj Pulsar 150,2004,0.23,0.84,60000,Petrol,Individual,Manual,0
Honda CBR 150,2009,0.74,1.37,23500,Petrol,Individual,Manual,0
Bajaj Pulsar 150,2010,0.77,0.88,5000,Petrol,Individual,Manual,0
city,2008,6.18,12.23,56701,Petrol,Dealer,Manual,0
brio,2020,5.5,6.64,34379,Petrol,Dealer,Manual,0
Royal Enfield Classic 350,2021,1.34,1.65,10746,Petrol,Individual,Manual,0
city,2016,13.0,16.22,30753,Petrol,Dealer,Automatic,0
Bajaj Discover 100,2003,0.35,0.61,21000,Petrol,Individual,Manual,0
Bajaj Pulsar 150,2009,0.73,0.83,5000,Petrol,Individual,Manual,0
i10,2007,4.52,5.2,30000,Petrol,Dealer,Manual,0
verna,2024,7.07,11.17,31900,Diesel,Dealer,Manual,0
city,2022,7.06,15.37,27132,Petrol,Dealer,Manual,0
i20,2022,7.28,9.22,38202,Diesel,Dealer,Manual,0
fortuner,2012,24.47,44.02,41000,Diesel,Dealer,Automatic,0
etios g,2018,4.79,8.24,36000,Petrol,Dealer,Manual,0
Yamaha FZ S V 2.0,2006,0.57,0.99,23000,Petrol,Individual,Manual,0
verna,2004,6.73,10.29,45000,Diesel,Dealer,Manual,0
amaze,2008,4.78,8.68,33019,Petrol,Dealer,Manual,0
eon,2006,3.9,5.58,11849,Petrol,Dealer,Manual,0
jazz,2005,7.63,10.68,4000,Petrol,Dealer,Manual,0
Honda CBR 150,2022,0.76,1.51,32292,Petrol,Individual,Manual,0
corolla altis,2011,5.97,15.94,72000,Petrol,Dealer,Manual,0
corolla altis,2016,4.35,21.32,62000,Petrol,Dealer,Manual,0
innova,2005,3.51,13.02,90000,Petrol,Individual,Manual,0
Royal Enfield Classic 500,2007,1.0,1.94,40000,Petrol,Individual,Manual,0
innova,2003,3.84,14.82,197176,Diesel,Dealer,Manual,0
Activa 3g,2025,0.2,0.6,30238,Petrol,Individual,Automatic,0
i20,2006,3.43,8.03,31604,Petrol,Dealer,Manual,0
city,2009,8.94,15.17,63000,Diesel,Dealer,Manual,0
Honda CB Hornet 160R,2022,0.65,0.95,20873,Petrol,Individual,Manual,0
ritz,2007,2.76,5.74,54200,Petrol,Dealer,Manual,0
Bajaj Pulsar 220 F,2011,0.58,1.07,24000,Petrol,Individual,Manual,0
elantra,2012,12.14,15.69,12900,Petrol,Dealer,Automatic,0
800,2011,0.39,2.54,127000,Petrol,Individual,Manual,0
innova,2023,25.52,31.23,25800,Diesel,Dealer,Automatic,0
brio,2003,6.34,7.17,31427,Petrol,Dealer,Manual,0
city,2024,10.63,15.81,35697,Petrol,Dealer,Manual,0
Honda CBR 150,2013,0.82,1.51,23500,Petrol,Individual,Manual,0
grand i10,2011,5.77,6.27,3493,Petrol,Dealer,Manual,1
fortuner,2021,22.07,39.71,12853,Diesel,Dealer,Automatic,0
grand i10,2023,6.7,7.28,19383,Petrol,Dealer,Manual,1
i20,2024,3.91,8.57,35533,Diesel,Dealer,Manual,0
amaze,2010,4.73,8.27,40026,Petrol,Dealer,Manual,0
sx4,2021,2.53,9.26,48378,Petrol,Dealer,Manual,0
brio,2009,5.42,6.55,19000,Petrol,Dealer,Manual,0
creta,2019,13.97,14.73,35934,Diesel,Dealer,Manual,0
Hero Hunk,2013,0.26,0.97,49000,Petrol,Individual,Manual,1
Bajaj Avenger Street 220,2012,0.56,1.17,24000,Petrol,Individual,Manual,0
ertiga,2021,8.58,12.77,41992,Diesel,Dealer,Manual,0
Royal Enfield Thunder 350,2011,1.31,1.63,18000,Petrol,Individual,Manual,0
Honda Karizma,2025,0.37,1.24,26050,Petrol,Individual,Manual,0
Hero Passion X pro,2020,0.62,0.68,24558,Petrol,Individual,Manual,0
Hyosung GT250R,2024,1.75,4.47,35685,Petrol,Individual,Manual,1
Hyosung GT250R,2025,1.54,3.94,20448,Petrol,Individual,Manual,1
verna,2004,10.75,11.11,15141,Petrol,Dealer,Manual,0
Hero Glamour,2005,0.3,0.69,18000,Petrol,Individual,Manual,0
grand i10,2004,4.53,6.62,53000,Diesel,Dealer,Manual,0
fortuner,2010,11.19,24.74,59000,Diesel,Dealer,Manual,0
verna,2008,5.76,12.04,36000,Petrol,Dealer,Manual,0
corolla altis,2007,6.09,26.49,80000,Petrol,Dealer,Automatic,0
jazz,2013,8.35,9.74,16002,Petrol,Dealer,Manual,0
ciaz,2019,8.05,9.69,18796,Petrol,Dealer,Manual,0
verna,2020,6.16,10.82,49566,Diesel,Dealer,Manual,0
Yamaha FZ S V 2.0,2006,0.61,0.93,58000,Petrol,Individual,Manual,0
sx4,2012,2.88,8.66,41442,Petrol,Dealer,Manual,0
Honda CBR 150,2017,0.66,1.33,32000,Petrol,Individual,Manual,0
Hero Extreme,2014,0.7,1.0,15000,Petrol,Individual,Manual,0
verna,2008,6.92,10.93,36000,Petrol,Dealer,Manual,0
corolla altis,2021,7.85,19.61,27572,Petrol,Dealer,Manual,0
jazz,2008,7.62,8.89,16002,Petrol,Dealer,Manual,0
etios g,2020,4.95,8.52,33010,Petrol,Dealer,Manual,0
fortuner,2010,30.51,46.68,47000,Diesel,Dealer,Automatic,0
Bajaj Pulsar 220 F,2006,0.57,1.04,45000,Petrol,Individual,Manual,0
city,2007,10.84,14.23,9010,Petrol,Dealer,Manual,0
city,2021,2.68,9.7,22290,Petrol,Dealer,Manual,0
innova,2021,24.98,29.28,10547,Petrol,Dealer,Automatic,0
Honda Karizma,2019,0.36,1.23,213000,Petrol,Individual,Manual,0
grand i10,2010,5.51,6.48,21125,Diesel,Dealer,Manual,0
city,2010,9.6,12.6,9010,Petrol,Dealer,Manual,0
innova,2017,22.34,24.54,15000,Diesel,Dealer,Automatic,0
corolla altis,2023,6.39,14.88,25636,Petrol,Dealer,Manual,0
city,2021,11.7,17.38,7120,Petrol,Dealer,Manual,0
Royal Enfield Classic 500,2010,1.08,1.98,11500,Petrol,Individual,Manual,0
jazz,2017,7.36,10.31,4000,Petrol,Dealer,Manual,0
verna,2015,6.1,11.22,36198,Petrol,Dealer,Automatic,0
ciaz,2021,8.78,13.3,38593,Diesel,Dealer,Manual,0
Bajaj Avenger 150,2021,0.8,0.86,37882,Petrol,Individual,Manual,0
city,2005,6.66,12.56,54242,Petrol,Dealer,Manual,0
Hero Super Splendor,2023,0.26,0.73,11358,Petrol,Individual,Manual,0
corolla altis,2019,6.33,27.52,80000,Petrol,Dealer,Automatic,0
fortuner,2015,26.49,40.53,47000,Diesel,Dealer,Automatic,0
Honda Activa 4G,2004,0.56,0.64,4000,Petrol,Individual,Automatic,0
jazz,2024,7.93,10.4,46929,Petrol,Dealer,Manual,0
fortuner,2017,16.37,34.56,89000,Diesel,Dealer,Automatic,0
amaze,2019,6.08,7.93,44000,Petrol,Dealer,Automatic,0
innova,2017,3.82,14.72,197176,Diesel,Dealer,Manual,0
Royal Enfield Classic 350,2019,1.66,1.8,4100,Petrol,Individual,Manual,0
i10,2007,5.19,5.97,30000,Petrol,Dealer,Manual,0
xcent,2021,5.56,8.35,25183,Petrol,Dealer,Manual,1
Honda CB Unicorn,2009,0.45,0.85,38600,Petrol,Individual,Manual,0
jazz,2018,7.83,10.48,21200,Petrol,Dealer,Manual,0
TVS Apache RTR 160,2022,0.47,0.91,42951,Petrol,Individual,Manual,0
Bajaj Avenger 220,2014,0.92,1.21,500,Petrol,Individual,Manual,0
verna,2007,6.85,10.82,36000,Petrol,Dealer,Manual,0
city,2010,5.63,10.62,54242,Petrol,Dealer,Manual,0
brio,2021,6.62,7.18,6037,Petrol,Dealer,Manual,0
etios g,2025,4.55,7.83,16664,Petrol,Dealer,Manual,0
Bajaj Avenger 150 street,2007,0.74,0.99,20000,Petrol,Individual,Manual,0
etios g,2007,5.0,8.3,39485,Petrol,Dealer,Manual,1
land cruiser,2009,39.12,103.5,78000,Diesel,Dealer,Manual,0
sx4,2005,3.69,9.69,49998,CNG,Dealer,Manual,0
i20,2020,6.43,9.31,15718,Petrol,Dealer,Manual,0
ciaz,2008,8.07,12.23,51000,Diesel,Dealer,Manual,0
fortuner,2005,16.81,32.16,135000,Diesel,Individual,Automatic,0
etios cross,2006,5.67,9.71,40588,Petrol,Dealer,Manual,0
Honda Dream Yuga ,2006,0.53,0.6,8600,Petrol,Individual,Manual,0
Honda CB Hornet 160R,2012,0.71,1.03,15000,Petrol,Individual,Manual,0
Hero Passion X pro,2005,0.6,0.66,31000,Petrol,Individual,Manual,0
brio,2019,3.56,6.34,53675,Petrol,Dealer,Manual,0
corolla altis,2020,4.35,21.31,12006,Petrol,Dealer,Manual,0
innova,2011,13.67,14.72,38000,Diesel,Dealer,Manual,0
amaze,2020,6.72,8.77,19860,Petrol,Dealer,Automatic,0
Royal Enfield Thunder 350,2007,1.46,1.75,15000,Petrol,Individual,Manual,0
ertiga,2020,7.79,11.59,44556,Diesel,Dealer,Manual,0
xcent,2008,6.41,7.95,12479,Petrol,Dealer,Manual,0
i20,2020,3.92,8.19,23039,Diesel,Dealer,Manual,1
corolla altis,2021,7.41,17.26,5882,Petrol,Dealer,Manual,0
Hero Honda Passion Pro,2019,0.35,0.6,60000,Petrol,Individual,Manual,0
elantra,2016,13.49,17.42,12900,Petrol,Dealer,Automatic,0
Bajaj Discover 125,2005,0.24,0.7,25000,Petrol,Individual,Manual,1
Activa 4g,2013,0.5,0.63,1300,Petrol,Individual,Automatic,0
verna,2008,7.64,11.68,45000,Diesel,Dealer,Manual,0
corolla altis,2017,7.69,20.59,40001,Petrol,Dealer,Manual,0
Honda CB Trigger,2015,0.46,0.8,12000,Petrol,Individual,Manual,0
brio,2020,6.44,8.13,35608,Petrol,Dealer,Automatic,0
i20,2011,7.44,9.43,77632,Diesel,Dealer,Manual,0
Honda Activa 4G,2019,0.54,0.62,4000,Petrol,Individual,Automatic,0
brio,2009,5.57,6.72,19000,Petrol,Dealer,Manual,0
xcent,2013,7.17,8.89,12479,Petrol,Dealer,Manual,0
alto k10,2015,2.84,3.93,45280,Petrol,Dealer,Manual,0
corolla altis,2016,5.77,16.01,45000,Diesel,Dealer,Manual,0
fortuner,2008,20.93,40.15,78000,Diesel,Dealer,Automatic,0
Bajaj Avenger 220,2025,1.04,1.1,16808,Petrol,Individual,Manual,0
Bajaj Pulsar NS 200,2010,0.54,1.2,14500,Petrol,Individual,Manual,0
i20,2007,7.56,9.58,77632,Diesel,Dealer,Manual,0
Bajaj Pulsar 150,2007,0.28,0.85,26000,Petrol,Individual,Manual,1
Hero Honda CBZ extreme,2016,0.45,0.93,75000,Petrol,Individual,Manual,0
Activa 3g,2017,0.48,0.57,500,Petrol,Individual,Automatic,0
corolla altis,2015,5.04,19.68,50000,Petrol,Dealer,Manual,0
alto k10,2025,3.28,5.11,25090,Petrol,Dealer,Manual,0
city,2005,13.94,15.16,9000,Diesel,Dealer,Manual,0
innova,2023,28.09,31.01,33685,Diesel,Dealer,Automatic,0
fortuner,2006,9.94,21.96,59000,Diesel,Dealer,Manual,0
Hero Honda Passion Pro,2014,0.38,0.65,60000,Petrol,Individual,Manual,0
dzire,2013,6.02,8.82,45780,Diesel,Dealer,Manual,0
Honda Activa 4G,2020,0.57,0.64,39987,Petrol,Individual,Automatic,0
Suzuki Access 125,2007,0.27,0.62,1900,Petrol,Individual,Automatic,0
dzire,2024,6.16,9.03,29886,Diesel,Dealer,Manual,0
amaze,2010,4.68,8.39,36054,Petrol,Dealer,Manual,0
brio,2009,5.52,6.21,14465,Petrol,Dealer,Manual,0
innova,2011,12.02,17.2,58242,Diesel,Dealer,Manual,0
wagon r,2017,4.12,6.45,35500,CNG,Dealer,Manual,0
corolla altis,2014,20.49,22.46,8700,Petrol,Dealer,Manual,0
grand i10,2005,6.22,6.75,20114,Petrol,Dealer,Manual,0
innova,2015,23.05,27.02,11000,Petrol,Dealer,Automatic,0
TVS Wego,2003,0.3,0.63,22000,Petrol,Individual,Automatic,0
verna,2019,10.51,10.68,15001,Petrol,Dealer,Manual,0
i10,2014,3.13,5.33,22517,Petrol,Dealer,Manual,0
city,2011,11.62,15.25,9010,Petrol,Dealer,Manual,0
ciaz,2013,10.32,10.49,20273,Diesel,Dealer,Manual,0
Honda CB Hornet 160R,2016,0.77,1.11,15000,Petrol,Individual,Manual,0
verna,2019,5.75,12.01,36000,Petrol,Dealer,Manual,0
xcent,2007,6.05,9.09,35866,Petrol,Dealer,Manual,1
fortuner,2006,39.01,42.82,6000,Diesel,Dealer,Automatic,0
Honda CB Hornet 160R,2020,0.94,1.09,42282,Petrol,Individual,Manual,0
swift,2024,5.9,8.93,10025,Diesel,Dealer,Manual,0
Royal Enfield Classic 350,2022,1.19,1.59,7715,Petrol,Individual,Manual,0
ciaz,2016,8.2,10.87,15000,Petrol,Dealer,Automatic,0
verna,2009,7.68,11.19,45078,Petrol,Dealer,Manual,0
grand i10,2016,6.72,7.29,24678,Petrol,Dealer,Manual,0
Honda CB Unicorn,2007,0.48,0.9,38600,Petrol,Individual,Manual,0
i10,2010,3.45,5.12,35775,Petrol,Dealer,Manual,0
verna,2009,5.32,10.43,60241,Petrol,Dealer,Manual,0
eon,2017,4.48,5.67,38488,Petrol,Dealer,Manual,0
corolla altis,2025,8.29,21.89,19194,Petrol,Dealer,Manual,0
innova,2008,25.02,27.62,15000,Diesel,Dealer,Automatic,0
verna,2004,5.99,11.37,60000,Diesel,Dealer,Manual,0
Honda Activa 4G,2006,0.61,0.65,4300,Petrol,Individual,Automatic,0
xcent,2004,5.88,8.82,35866,Petrol,Dealer,Manual,1
Activa 4g,2019,0.45,0.58,1300,Petrol,Individual,Automatic,0
sx4,2003,4.72,8.6,50000,Petrol,Dealer,Automatic,0
Bajaj Dominar 400,2008,1.83,2.02,1200,Petrol,Individual,Manual,0
Bajaj Avenger 220 dtsi,2018,0.7,1.11,16600,Petrol,Individual,Manual,0
city,2018,9.69,10.9,19434,Diesel,Dealer,Manual,0
i20,2017,7.12,8.66,7000,Petrol,Dealer,Manual,0
grand i10,2020,5.7,7.39,36005,Petrol,Dealer,Manual,0
Hero Honda Passion Pro,2010,0.38,0.65,60000,Petrol,Individual,Manual,0
Honda Activa 4G,2020,0.51,0.58,23484,Petrol,Individual,Automatic,0
dzire,2016,7.14,10.47,45000,Diesel,Dealer,Manual,0
i10,2019,3.1,5.38,57000,Petrol,Dealer,Manual,0
alto k10,2020,3.27,4.1,31560,Petrol,Dealer,Manual,0
dzire,2005,6.61,9.69,45000,Diesel,Dealer,Manual,0
city,2009,8.48,12.66,18828,Petrol,Dealer,Manual,0
ciaz,2003,8.36,10.02,42367,Diesel,Dealer,Manual,0
jazz,2015,7.79,9.09,16002,Petrol,Dealer,Manual,0
Hero Hunk,2008,0.25,0.93,49000,Petrol,Individual,Manual,1
innova,2013,3.25,12.07,90000,Petrol,Individual,Manual,0
i20,2016,5.47,8.25,32000,Petrol,Dealer,Automatic,0
city,2019,2.67,9.65,50456,Petrol,Dealer,Manual,0
ignis,2004,6.35,7.4,2400,Petrol,Dealer,Manual,0
etios cross,2012,5.99,10.92,83000,Diesel,Dealer,Manual,0
city,2016,5.61,10.59,54242,Petrol,Dealer,Manual,0
Bajaj Pulsar 135 LS,2005,0.43,0.69,13700,Petrol,Individual,Manual,0
Honda Karizma,2013,0.33,1.13,213000,Petrol,Individual,Manual,0
ritz,2008,3.1,5.71,64532,Petrol,Dealer,Manual,0
Royal Enfield Classic 350,2018,1.62,1.76,4100,Petrol,Individual,Manual,0
ertiga,2014,6.53,8.25,26000,Petrol,Dealer,Manual,0
fortuner,2017,16.89,34.69,104707,Diesel,Dealer,Automatic,0
Royal Enfield Classic 350,2014,1.35,1.66,11000,Petrol,Individual,Manual,0
etios g,2019,4.21,7.24,36000,Petrol,Dealer,Manual,0
alto k10,2023,3.55,4.45,23609,Petrol,Dealer,Manual,0
elantra,2008,13.14,16.54,43535,Diesel,Dealer,Manual,0
eon,2020,3.95,5.56,42657,Petrol,Dealer,Manual,0
ciaz,2005,8.93,14.34,15000,Petrol,Dealer,Automatic,0
ciaz,2004,8.19,9.82,37000,Petrol,Dealer,Automatic,0
fortuner,2021,37.62,41.3,47751,Diesel,Dealer,Automatic,0
Honda Dream Yuga ,2005,0.56,0.63,8600,Petrol,Individual,Manual,0
Yamaha FZ S V 2.0,2005,0.59,1.03,23000,Petrol,Individual,Manual,0
Mahindra Mojo XT300,2004,1.4,1.71,35000,Petrol,Individual,Manual,0
verna,2007,6.42,10.15,36000,Petrol,Dealer,Manual,0
Royal Enfield Thunder 350,2025,1.57,1.88,19262,Petrol,Individual,Manual,0
innova,2004,21.27,24.93,11000,Petrol,Dealer,Automatic,0
UM Renegade Mojave,2013,1.88,2.02,1400,Petrol,Individual,Manual,0
Royal Enfield Classic 350,2022,1.31,1.75,23360,Petrol,Individual,Manual,0
corolla altis,2018,20.98,23.0,8700,Petrol,Dealer,Manual,0
verna,2003,11.07,11.25,15001,Petrol,Dealer,Manual,0
Bajaj Pulsar 150,2009,0.11,0.83,92233,Petrol,Individual,Manual,0
amaze,2008,7.02,9.16,44000,Petrol,Dealer,Automatic,0
amaze,2023,4.02,7.71,31322,Petrol,Dealer,Manual,0
Royal Enfield Classic 350,2011,1.31,1.67,17000,Petrol,Individual,Manual,0
Honda Activa 125,2017,0.38,0.61,24000,Petrol,Individual,Automatic,0
i20,2019,6.67,9.66,17000,Petrol,Dealer,Manual,0
sx4,2017,5.53,11.1,43000,Diesel,Dealer,Manual,0
dzire,2011,5.74,8.89,48767,Petrol,Dealer,Manual,0
Activa 4g,2011,0.43,0.55,1300,Petrol,Individual,Automatic,0
Yamaha FZ  v 2.0,2021,0.68,0.95,27239,Petrol,Individual,Manual,0
i10,2022,4.85,5.58,40834,Petrol,Dealer,Manual,0
jazz,2019,6.17,8.63,28569,Petrol,Dealer,Manual,0
TVS Apache RTR 180,2011,0.58,0.95,6000,Petrol,Individual,Manual,0
Hero Honda Passion Pro,2016,0.37,0.63,60000,Petrol,Individual,Manual,0
fortuner,2013,27.58,36.71,40000,Diesel,Dealer,Automatic,0
alto k10,2012,3.05,4.77,46706,Petrol,Dealer,Manual,0
fortuner,2012,21.19,38.12,41000,Diesel,Dealer,Automatic,0
jazz,2017,7.13,9.99,4000,Petrol,Dealer,Manual,0
ritz,2015,4.07,6.79,27000,Petrol,Dealer,Manual,0
corolla altis,2019,4.39,21.49,62000,Petrol,Dealer,Manual,0
verna,2005,7.7,11.23,45078,Petrol,Dealer,Manual,0
etios liva,2020,3.26,7.02,42453,Petrol,Dealer,Manual,0
ertiga,2020,9.79,13.63,5779,Diesel,Dealer,Manual,0
Yamaha Fazer ,2005,0.58,1.02,8000,Petrol,Individual,Manual,0
KTM 390 Duke ,2020,1.24,2.6,18628,Petrol,Individual,Manual,0
Honda Dream Yuga ,2011,0.6,0.68,8600,Petrol,Individual,Manual,0
fortuner,2025,17.5,35.94,49252,Diesel,Dealer,Automatic,0
brio,2007,6.54,7.39,31427,Petrol,Dealer,Manual,0
Honda Activa 4G,2008,0.52,0.59,4000,Petrol,Individual,Automatic,0
brio,2007,6.96,7.56,5600,Petrol,Dealer,Manual,0
i20,2019,3.26,7.63,31604,Petrol,Dealer,Manual,0
camry,2024,3.09,29.34,41869,Petrol,Individual,Automatic,3
Activa 3g,2006,0.54,0.64,500,Petrol,Individual,Automatic,0
city,2021,10.32,16.72,39102,Petrol,Dealer,Manual,0
Royal Enfield Thunder 350,2017,1.28,1.67,8700,Petrol,Individual,Manual,0
city,2022,10.93,13.35,47905,Diesel,Dealer,Manual,0
city,2022,10.05,12.28,43469,Diesel,Dealer,Manual,0
etios cross,2009,5.38,8.7,40534,Petrol,Dealer,Manual,0
eon,2010,2.55,5.64,23709,Petrol,Dealer,Manual,0
